{"cameraMode":{"drawMode":0,"name":"Shaded","section":"Shading Mode"},"sceneLighting":true,"audioPlay":false,"sceneViewState":{"m_AlwaysRefresh":false,"showFog":true,"showSkybox":true,"showFlares":true,"showImageEffects":true,"showParticleSystems":true,"showVisualEffectGraphs":true,"m_FxEnabled":true},"in2DMode":false,"pivot":{"x":11.822850227355957,"y":-2.6209259033203127,"z":15.642118453979493},"rotation":{"x":0.22701898217201234,"y":0.22462086379528047,"z":-0.05389838665723801,"w":0.9461013078689575},"size":15.402458190917969,"orthographic":false}