{"cameraMode":{"drawMode":0,"name":"Shaded","section":"Shading Mode"},"sceneLighting":false,"audioPlay":false,"sceneViewState":{"m_AlwaysRefresh":false,"showFog":true,"showSkybox":false,"showFlares":true,"showImageEffects":true,"showParticleSystems":true,"showVisualEffectGraphs":true,"m_FxEnabled":true},"in2DMode":false,"pivot":{"x":10.056565284729004,"y":4.456617832183838,"z":5.714627265930176},"rotation":{"x":-0.0030325609259307386,"y":0.9965115785598755,"z":-0.04187799617648125,"w":-0.0721793994307518},"size":5.203987121582031,"orthographic":false}