{"cameraMode":{"drawMode":0,"name":"Shaded","section":"Shading Mode"},"sceneLighting":false,"audioPlay":false,"sceneViewState":{"m_AlwaysRefresh":false,"showFog":true,"showSkybox":false,"showFlares":true,"showImageEffects":true,"showParticleSystems":true,"showVisualEffectGraphs":true,"m_FxEnabled":true},"in2DMode":false,"pivot":{"x":0.07346510887145996,"y":-0.011989923194050789,"z":0.05573692545294762},"rotation":{"x":0.02732091024518013,"y":-0.7128995656967163,"z":0.02781718410551548,"w":0.7001813054084778},"size":0.21006478369235993,"orthographic":false}