{"cameraMode":{"drawMode":0,"name":"Shaded","section":"Shading Mode"},"sceneLighting":false,"audioPlay":false,"sceneViewState":{"m_AlwaysRefresh":false,"showFog":true,"showSkybox":false,"showFlares":true,"showImageEffects":true,"showParticleSystems":true,"showVisualEffectGraphs":true,"m_FxEnabled":true},"in2DMode":false,"pivot":{"x":11.338095664978028,"y":-0.10323333740234375,"z":4.4264984130859379},"rotation":{"x":0.03534248471260071,"y":-0.9570313692092896,"z":0.2556160092353821,"w":0.13232819736003877},"size":6.594332695007324,"orthographic":false}